Game,AppID,Playtime Hours,Playtime Last 2 Weeks Hours
A Plague Tale: Innocence,752590,21.3,0.0
A Plague Tale: Requiem,1182900,25.6,0.0
Age of Empires II: Definitive Edition,813780,0.4,0.0
Agent A: A puzzle in disguise,801480,4.5,0.0
Alan Wake,108710,5.3,0.0
Assassin's Creed II,33230,47.8,0.0
Assassin's Creed Origins,582160,1.9,0.0
Baldur's Gate 3,1086940,16.1,0.0
Bastion,107100,4.2,0.0
Batman™: Arkham Knight,208650,13.2,0.0
Battlefield™ 1,1238840,1.9,0.0
Bayonetta,460790,9.6,0.0
Beneath a Steel Sky (1994),1368340,0.8,0.0
BioShock 2,8850,0.0,0.0
BioShock 2 Remastered,409720,0.0,0.0
BioShock Infinite,8870,26.9,0.0
BioShock Remastered,409710,15.7,0.0
Black Mirror II,286460,0.5,0.0
Borderlands 2,49520,12.1,0.0
Borderlands 3,397540,0.0,0.0
Borderlands GOTY,8980,13.4,0.0
Borderlands GOTY Enhanced,729040,8.7,0.0
Call of Duty: Black Ops,42700,32.3,0.0
Call of Duty: Black Ops - Multiplayer,42710,11.6,0.0
Call of Duty: Black Ops II,202970,40.2,0.0
Call of Duty: Black Ops II - Multiplayer,202990,51.7,0.0
Call of Duty: Black Ops II - Zombies,212910,0.1,0.0
Call of Duty: Black Ops III,311210,16.6,0.0
Call of Duty: Modern Warfare 2 (2009),10180,82.5,0.0
Call of Duty: Modern Warfare 2 (2009) - Multiplayer,10190,107.9,0.0
Call of Duty®: Modern Warfare® 3 (2011),42680,24.3,0.0
Call of Duty®: Modern Warfare® 3 (2011) - Multiplayer,42690,108.6,0.0
Celeste,504230,3.7,0.0
Cities: Skylines,255710,30.3,0.0
Cities: Skylines II,949230,11.6,0.0
COCOON,1497440,2.3,0.0
Control Ultimate Edition,870780,10.1,0.0
Counter-Strike: Source,240,0.0,0.0
Crysis 2 Remastered,2096600,6.3,0.0
DARK SOULS™ III,374320,1.5,0.0
Days Gone,1259420,37.8,0.0
Deadlight,211400,3.0,0.0
DEATH STRANDING DIRECTOR'S CUT,1850570,10.5,0.0
Deponia: The Complete Journey,292910,4.1,0.0
Desperados III,610370,34.6,0.0
Destiny 2,1085660,3.4,0.0
Detroit: Become Human,1222140,24.1,0.0
Deus Ex: Human Revolution,28050,9.4,0.0
DiRT Rally,310560,0.2,0.0
Disco Elysium,632470,14.6,0.0
Dishonored,205100,31.6,0.0
Divinity: Original Sin 2,435150,104.0,0.0
DOOM,379720,16.6,0.0
Fallout 3 - Game of the Year Edition,22370,1.2,0.0
Fallout 4,377160,4.7,0.0
Fallout: New Vegas,22380,4.1,0.0
Far Cry 4,298110,6.5,0.0
Far Cry 5,552520,9.2,0.0
Forza Horizon 4,1293830,15.3,0.0
Gears 5,1097840,26.1,0.0
Grand Theft Auto IV: The Complete Edition,12210,5.9,0.0
Grand Theft Auto V Enhanced,3240220,0.0,0.0
Grand Theft Auto V Legacy,271590,59.2,0.0
Gray Matter,260570,1.1,0.0
Grim Fandango Remastered,316790,6.5,0.0
GRIS,683320,4.6,0.0
Hades,1145360,2.5,0.0
Half-Life 2,220,20.8,0.0
Half-Life 2: Deathmatch,320,0.0,0.0
Half-Life Deathmatch: Source,360,0.0,0.0
Heavy Rain,960910,6.8,0.0
Hellblade: Senua's Sacrifice,414340,14.8,0.0
Hellblade: Senua's Sacrifice VR Edition,747350,0.0,0.0
Hitman 2: Silent Assassin,6850,0.4,0.0
Hitman: Absolution,203140,66.8,0.0
Hitman: Blood Money,6860,2.5,0.0
Hitman: Codename 47,6900,0.0,0.0
Hitman: Sniper Challenge,205930,0.9,0.0
HITMAN™,236870,14.1,0.0
HITMAN™ 2,863550,12.0,0.0
Hollow Knight,367520,5.8,0.0
Horizon Zero Dawn™ Complete Edition,1151640,17.8,0.0
Injustice™ 2,627270,13.5,0.0
INSIDE,304430,4.5,0.0
Just Cause 2,8190,83.2,0.0
Life is Strange™,319630,25.1,0.0
Little Nightmares,424840,10.7,0.0
Little Nightmares Enhanced Edition,2149010,0.0,0.0
Mafia II (Classic),50130,19.3,0.0
Mafia II: Definitive Edition,1030830,0.0,0.0
Mafia: Definitive Edition,1030840,12.7,0.0
Max Payne 3,204100,28.3,0.0
Metro 2033 Redux,286690,1.4,0.0
Metro Exodus,412020,13.3,0.0
Metro Exodus Enhanced Edition,1449560,2.3,0.0
MIND Path to Thalamus E.Edition,296070,0.6,0.0
Mirror's Edge,17410,1.7,0.0
Mirror's Edge™ Catalyst,1233570,1.8,0.0
My Friend Pedro,557340,12.9,0.0
Myst V,208110,2.8,0.0
NieR:Automata™,524220,14.1,0.0
Opus Magnum,558990,13.0,0.0
Ori and the Blind Forest,261570,0.0,0.0
Ori and the Blind Forest: Definitive Edition,387290,49.8,0.0
Ori and the Will of the Wisps,1057090,8.0,0.0
Outer Wilds,753640,5.1,0.0
Parcel,316080,0.7,0.0
Path of Exile,238960,2.5,0.0
PGA TOUR 2K21,1016120,15.1,0.0
Pillars of Eternity,291650,8.2,0.0
Pillars of Eternity II: Deadfire,560130,0.0,0.0
Planet Coaster,493340,1.6,0.0
Planet of Lana,1608230,5.1,0.0
Portal,400,4.5,0.0
Portal 2,620,16.7,0.0
Quern - Undying Thoughts,512790,2.8,0.0
Red Dead Redemption 2,1174180,94.4,0.0
Remember Me,228300,4.8,0.0
Resident Evil 2,883710,13.7,0.0
Resident Evil 3,952060,1.5,0.0
Resident Evil 7 Biohazard,418370,1.4,0.0
RESIDENT EVIL RESISTANCE,952070,0.0,0.0
Resident Evil Revelations,222480,1.1,0.0
Resident Evil Revelations 2,287290,0.0,0.0
Rise of the Tomb Raider,391220,69.5,0.0
Sekiro™: Shadows Die Twice,814380,2.8,0.0
Shadow of the Tomb Raider,750920,45.3,0.0
Shadow Tactics: Blades of the Shogun,418240,10.8,0.0
Shadowrun: Dragonfall - Director's Cut,300550,11.2,0.0
Sid Meier's Civilization VI,289070,4.4,0.0
Sniper Elite 4,312660,63.0,0.0
Sniper Elite 5,1029690,13.8,0.0
Sniper Ghost Warrior Contracts,973580,28.1,0.0
Somerville,1671410,8.3,0.0
STAR WARS Jedi: Fallen Order™ ,1172380,32.8,0.0
STAR WARS™ Battlefront™ II,1237950,25.4,0.0
STAR WARS™: The Old Republic™,1286830,3.7,0.0
Syberia 2,46510,4.8,0.0
Tales from the Borderlands,330830,2.2,0.0
Technobabylon,307580,1.6,0.0
The Ascent,979690,26.8,0.0
The Bureau: XCOM Declassified,65930,0.0,0.0
The Drifter,1170570,8.7,0.0
The Elder Scrolls V: Skyrim Special Edition,489830,1.8,1.8
The Forgotten City,874260,0.7,0.0
The Longest Journey,6310,0.0,0.0
The Quarry,1577120,8.8,0.0
The Room 4: Old Sins,1361320,5.4,0.0
The Secret of Monkey Island: Special Edition,32360,0.7,0.0
The Swapper,231160,1.5,0.0
The Talos Principle,257510,2.4,0.0
The Vanishing of Ethan Carter,258520,0.0,0.0
The Vanishing of Ethan Carter Redux,400430,5.0,0.0
The Walking Dead: The Telltale Definitive Series,1449690,26.1,0.0
The Witness,210970,0.4,0.0
The Wolf Among Us,250320,2.5,0.0
Titanfall® 2,1237970,13.0,0.0
Tom Clancy's Ghost Recon® Wildlands,460930,32.5,0.0
Tomb Raider,203160,38.3,0.0
Tomb Raider I-III Remastered Starring Lara Croft,2478970,0.6,0.0
Tomb Raider IV-VI Remastered,2525380,0.1,0.0
Transistor,237930,1.3,0.0
Trine,35700,7.6,0.0
Trine 2,35720,2.5,0.0
Trine 3: The Artifacts of Power,319910,0.0,0.0
Trine 4: The Nightmare Prince,690640,8.1,0.0
Warframe,230410,5.2,0.0
"Warhammer 40,000: Dawn of War II - Anniversary Edition",15620,30.0,0.0
"Warhammer 40,000: Dawn of War II - Chaos Rising",20570,0.1,0.0
"Warhammer 40,000: Dawn of War II - Retribution",56400,0.0,0.0
"Warhammer 40,000: Inquisitor - Martyr",527430,15.2,0.0
Wasteland 3,719040,27.4,0.0
Watch_Dogs 2,447040,27.3,0.0
What Remains of Edith Finch,501300,1.6,0.0
Wolfenstein: The New Order,201810,10.6,0.0
Wreckfest,228380,3.4,0.0
Wreckfest Throw-A-Santa + Sneak Peek 2.0,272860,0.0,0.0
XCOM 2,268500,2.8,0.0
XCOM: Enemy Unknown,200510,5.5,0.0
Zork Anthology,570580,0.7,0.0
